{
  "IcoMoonType": "selection",
  "icons": [
    {
      "icon": {
        "paths": [
          "M676.571 512c0 13.143-6.857 25.143-18.286 31.429l-310.857 182.857c-5.714 3.429-12 5.143-18.286 5.143s-12.571-1.714-18.286-4.571c-11.429-6.857-18.286-18.857-18.286-32v-365.714c0-13.143 6.857-25.143 18.286-32 11.429-6.286 25.714-6.286 36.571 0.571l310.857 182.857c11.429 6.286 18.286 18.286 18.286 31.429zM749.714 512c0-171.429-139.429-310.857-310.857-310.857s-310.857 139.429-310.857 310.857 139.429 310.857 310.857 310.857 310.857-139.429 310.857-310.857zM877.714 512c0 242.286-196.571 438.857-438.857 438.857s-438.857-196.571-438.857-438.857 196.571-438.857 438.857-438.857 438.857 196.571 438.857 438.857z"
        ],
        "width": 877.7142857142857,
        "attrs": [],
        "isMulticolor": false,
        "isMulticolor2": false,
        "tags": [
          "play-circle-o"
        ],
        "defaultCode": 61469,
        "grid": 14
      },
      "attrs": [],
      "properties": {
        "name": "play-circle-o",
        "id": 32,
        "order": 9,
        "prevSize": 28,
        "code": 61469
      },
      "setIdx": 0,
      "setId": 2,
      "iconIdx": 32
    },
    {
      "icon": {
        "paths": [
          "M838.857 217.143c21.143 21.143 38.857 63.429 38.857 93.714v658.286c0 30.286-24.571 54.857-54.857 54.857h-768c-30.286 0-54.857-24.571-54.857-54.857v-914.286c0-30.286 24.571-54.857 54.857-54.857h512c30.286 0 72.571 17.714 93.714 38.857zM585.143 77.714v214.857h214.857c-3.429-9.714-8.571-19.429-12.571-23.429l-178.857-178.857c-4-4-13.714-9.143-23.429-12.571zM804.571 950.857v-585.143h-237.714c-30.286 0-54.857-24.571-54.857-54.857v-237.714h-438.857v877.714h731.429zM237.714 817.143v60.571h186.857v-60.571h-53.143v-95.429h78.286c24.571 0 46.857-1.143 67.429-8.571 51.429-17.714 83.429-70.857 83.429-133.143s-30.857-110.286-78.286-130.286c-21.714-8.571-48-10.857-74.286-10.857h-210.286v61.143h52.571v317.143h-52.571zM439.429 657.143h-68v-153.143h68.571c20 0 35.429 3.429 47.429 10.286 20.571 12 32 35.429 32 65.714 0 32-11.429 56.571-35.429 68.571-12 5.714-26.857 8.571-44.571 8.571z"
        ],
        "width": 877.7142857142857,
        "attrs": [],
        "isMulticolor": false,
        "isMulticolor2": false,
        "tags": [
          "file-powerpoint-o"
        ],
        "defaultCode": 61892,
        "grid": 14
      },
      "attrs": [],
      "properties": {
        "name": "file-powerpoint-o",
        "id": 410,
        "order": 2,
        "prevSize": 28,
        "code": 61892
      },
      "setIdx": 0,
      "setId": 2,
      "iconIdx": 410
    }
  ],
  "height": 1024,
  "metadata": {
    "name": "icomoon"
  },
  "preferences": {
    "showGlyphs": true,
    "showQuickUse": true,
    "showQuickUse2": true,
    "showSVGs": true,
    "fontPref": {
      "prefix": "icon-",
      "metadata": {
        "fontFamily": "icomoon"
      },
      "metrics": {
        "emSize": 1024,
        "baseline": 6.25,
        "whitespace": 50
      },
      "embed": false
    },
    "imagePref": {
      "prefix": "icon-",
      "png": true,
      "useClassSelector": true,
      "color": 0,
      "bgColor": 16777215,
      "classSelector": ".icon"
    },
    "historySize": 50,
    "showCodes": true,
    "gridSize": 16
  }
}